8,False
13,False
15,False
21,False
25,False
36,False
39,False
48,False
50,False
63,True
66,False
71,False
79,True
82,False
86,True
99,True
102,False
104,False
109,False
113,False
114,False
120,False
125,False
127,True
129,False
136,False
147,True
148,False
149,False
159,False
180,False
181,False
184,False
190,False
195,False
207,False
211,False
212,False
216,False
217,False
224,True
234,False
236,False
237,False
244,True
252,False
265,False
269,False
274,False
278,False
282,False
299,False
302,False
308,False
315,False
317,False
322,False
327,True
351,False
361,False
362,False
366,False
371,False
375,False
383,False
386,True
398,False
401,False
426,False
427,True
437,True
439,False
458,False
460,False
462,False
467,False
471,False
472,False
475,False
479,False
480,True
485,False
488,False
489,False
500,False
510,True
514,False
522,False
524,True
536,False
550,True
557,False
561,False
564,False
572,False
577,False
579,True
590,False
598,False
601,False
610,False
612,False
615,False
616,False
621,True
627,False
634,False
636,True
639,False
650,False
651,False
658,True
664,False
666,False
667,False
673,False
678,True
679,False
683,True
686,False
696,True
703,False
709,True
711,False
712,True
713,False
714,False
717,False
722,False
727,False
729,False
737,False
738,False
746,False
749,False
765,False
773,False
774,False
783,True
788,False
792,False
796,True
799,True
805,True
808,False
810,False
811,False
813,False
820,False
831,False
832,True
833,False
836,False
837,False
840,False
841,False
852,False
894,False
912,False
915,False
918,False
932,False
939,False
943,False
951,False
957,False
958,True
961,False
967,True
987,True
988,True
990,False
994,False
1040,False
1043,True
1046,False
1047,False
1054,True
1059,False
1062,False
1072,False
1073,True
1074,True
1076,False
1077,False
1090,True
1097,False
1103,False
1104,False
1109,False
1110,False
1126,True
1133,True
1149,False
1154,False
1175,False
1183,True
1191,False
1194,False
1201,False
1208,False
1219,False
1228,False
1231,False
1238,True
1241,False
1245,False
1250,False
1252,True
1254,False
1259,False
1262,True
1264,False
1276,False
1281,False
1288,True
1302,False
1305,False
1316,False
1317,False
1319,False
1321,False
1322,False
1324,False
1328,False
1330,True
1331,False
1332,False
1341,True
1342,False
1346,False
1348,False
1360,False
1362,False
1364,False
1381,False
1384,False
1392,False
1398,False
1411,False
1414,False
1417,False
1418,False
1425,False
1426,False
1433,False
1434,False
1441,False
1446,False
1448,True
1453,True
1455,False
1458,False
1465,False
1468,False
1473,False
1479,False
1486,True
1497,False
1509,True
1519,False
1537,True
1545,False
1553,False
1559,False
1561,False
1563,False
1567,True
1570,False
1575,False
1583,False
1585,False
1588,False
1589,False
1591,False
1598,False
1601,False
1615,False
1618,False
1622,False
1645,False
1659,False
1660,False
1666,True
1671,False
1673,False
1677,False
1685,False
1687,False
1688,True
1689,False
1693,False
1699,False
1703,False
1705,False
1706,False
1710,False
1726,False
1735,False
1738,False
1744,False
1753,False
1759,False
1765,False
1768,False
1773,False
1774,False
1777,False
1779,False
1784,False
1796,True
1798,True
1805,False
1807,False
1808,True
1811,False
1812,False
1822,True
1826,False
1827,True
1832,False
1833,False
1843,False
1845,False
1846,False
1855,False
1869,True
1875,False
1886,False
1888,False
1891,False
1897,False
1910,False
1914,False
1915,False
1918,True
1920,False
1921,True
1922,False
1924,False
1925,False
1946,True
1949,True
1958,False
1959,False
1972,False
1973,False
1978,False
1981,False
1994,False
1998,False
2000,False
2004,False
2005,False
2016,False
2027,False
2031,False
2037,False
2039,False
2047,False
2050,False
2052,False
2061,False
2065,False
2067,False
2069,True
2075,False
2081,False
2084,False
2093,False
2097,False
2098,False
2105,False
2110,False
2116,False
2118,False
2120,False
2123,False
2128,False
2132,False
2136,False
2138,False
2141,False
2146,False
2151,False
2152,True
2153,False
2155,False
2157,False
2160,False
2175,False
2191,True
2196,True
2203,False
2215,False
2224,False
2226,False
2227,False
2230,False
2232,False
2236,False
2237,False
2238,False
2253,False
2270,False
2272,False
2280,False
2281,False
2288,False
2289,False
2295,False
2296,False
2297,False
2298,False
2301,False
2302,False
2310,True
2312,False
2320,False
2322,False
2330,False
2331,True
2346,False
2355,False
2370,False
2376,True
2384,True
2385,False
2397,False
2400,False
2404,False
2405,False
2409,False
2418,False
2432,False
2433,True
2436,True
2438,False
2441,True
2448,False
2455,False
2459,False
2465,False
2467,False
2485,False
2486,False
2489,True
2491,True
2498,True
2512,False
2522,False
2523,False
2525,False
2526,True
2529,False
2530,True
2535,False
2536,True
2539,False
2544,False
2545,False
2551,True
2554,True
2564,False
2582,True
2590,False
2607,True
2612,False
2615,False
2622,False
2625,True
2635,False
2646,False
2669,False
2672,False
2677,False
2681,False
2699,False
2701,False
2706,False
2710,False
2712,True
2719,False
2724,False
2730,True
2734,False
2735,False
2741,True
2744,True
2750,False
2766,False
2777,False
2782,False
2790,True
2797,False
2800,False
2814,False
2821,True
2840,True
2847,False
2854,False
2857,False
2858,True
2863,False
2869,False
2875,False
2876,False
2877,False
2880,False
2889,True
2897,False
2899,False
2900,False
2911,True
2915,True
2923,False
2954,False
2968,True
2978,False
2979,False
2982,False
2985,False
2989,True
2991,False
3005,False
3006,True
3008,False
3010,False
3013,False
3015,True
3017,True
3019,False
3020,False
3021,False
3041,False
3043,True
3054,False
3070,False
3076,False
3077,False
3079,False
3080,True
3083,False
3090,False
3091,False
3094,False
3096,False
3099,False
3103,True
3107,True
3111,False
3120,False
3122,False
3124,False
3126,False
3127,True
3132,True
3133,False
3141,False
3146,False
3151,False
3154,False
3162,False
3170,True
3174,False
3178,False
3186,False
3187,False
3192,True
3193,False
3199,True
3203,True
3207,False
3209,True
3222,True
3232,False
3233,False
3235,True
3242,False
3256,False
3271,False
3280,False
3281,False
3287,True
3300,False
3302,False
3303,False
3313,False
3318,False
3333,True
3337,False
3353,True
3354,False
3359,False
3360,False
3361,True
3366,False
3367,False
3376,False
3378,False
3386,True
3393,False
3394,False
3397,False
3399,False
3400,False
3407,False
3408,True
3411,True
3422,False
3426,False
3432,False
3433,False
3439,False
3446,False
3452,True
3457,True
3459,False
3461,False
3467,False
3469,False
3471,False
3494,False
3504,True
3510,False
3512,False
3521,False
3522,False
3524,False
3530,False
3531,False
3542,True
3546,False
3547,False
3551,False
3552,False
3563,False
3567,False
3568,False
3573,False
3581,True
3594,False
3601,True
3605,False
3610,True
3611,False
3621,False
3623,False
3625,False
3629,False
3630,True
3631,False
3633,True
3644,False
3659,False
3660,False
3661,False
3667,True
3671,True
3673,False
3677,False
3682,False
3695,False
3701,False
3702,False
3707,False
3711,False
3715,False
3717,True
3720,False
3723,False
3724,False
3727,False
3729,False
3733,False
3735,False
3741,False
3745,False
3762,False
3765,False
3768,False
3772,False
3785,False
3786,False
3788,False
3793,False
3794,False
3803,False
3810,False
3814,False
3817,False
3819,False
3831,False
3833,False
3835,False
3842,False
3843,False
3844,False
3845,False
3849,False
3850,False
3856,False
3862,False
3864,False
3870,True
3873,True
3883,False
3891,False
3894,True
3895,False
3896,False
3897,False
3909,False
3910,False
3915,False
3918,False
3920,True
3924,False
3930,False
3931,False
3938,False
3948,False
3950,False
3956,False
3965,True
3970,False
3971,False
3974,False
3981,False
3989,False
3994,False
4013,False
4015,False
4020,False
4024,False
4026,False
4033,False
4034,False
4038,False
4039,False
4041,False
4047,False
4051,False
4055,False
4056,False
4058,False
4060,True
4066,False
4068,False
4072,False
4073,True
4079,False
4085,False
4086,True
4089,False
4104,False
4125,False
4129,False
4135,True
4144,False
4147,False
4148,False
4155,False
4160,True
4161,False
4172,False
4179,False
4191,False
4199,False
4205,False
4209,True
4220,False
4228,False
4232,True
4249,True
4253,True
4258,False
4259,False
4263,False
4265,False
4276,False
4281,False
4293,False
4296,False
4298,False
4301,False
4306,True
4307,False
4309,False
4322,False
4327,False
4340,False
4346,True
4349,True
4353,False
4359,False
4365,False
4367,True
4375,True
4376,False
4377,False
4379,False
4382,False
4387,False
4389,False
4394,True
4400,False
4413,False
4437,False
4438,False
4442,False
4447,True
4449,False
4452,False
4455,False
4457,True
4463,True
4471,False
4476,False
4481,False
4486,False
4495,True
4505,True
4506,False
4514,False
4521,False
4526,False
4529,True
4530,True
4546,False
4552,False
4553,False
4559,True
4562,False
4563,False
4566,False
4568,False
4571,False
4573,False
4577,False
4578,False
4591,True
4593,False
4607,False
4614,False
4616,False
4618,True
4624,False
4626,False
4641,False
4646,True
4648,False
4649,False
4655,False
4672,False
4675,False
4677,False
4683,True
4685,False
4692,False
4694,True
4695,False
4708,False
4715,True
4724,False
4727,False
4732,False
4738,False
4743,False
4745,False
4752,False
4754,False
4755,False
4763,False
4768,False
4787,False
4788,False
4801,False
4802,False
4803,False
4807,True
4815,False
4822,False
4827,False
4835,True
4840,False
4843,False
4844,False
4848,True
4854,False
4865,False
4878,False
4879,True
4880,False
4884,False
4886,False
4896,False
4904,False
4905,False
4906,False
4907,True
4916,False
4924,False
4930,False
4939,True
4941,False
4951,False
4953,True
4959,False
4960,False
4964,False
4965,False
4968,False
4970,False
4977,False
4978,True
4983,False
4984,False
4986,False
4992,False
5000,False
5003,False
5014,False
5016,False
5017,True
5023,False
5025,False
5031,False
5033,False
5047,False
5050,False
5055,False
5062,False
5067,False
5069,False
5072,True
5073,False
5076,False
5078,False
5079,False
5087,False
5102,False
5103,False
5109,True
5110,False
5111,True
5112,False
5118,False
5122,False
5126,False
5129,True
5133,True
5149,False
5161,False
5165,False
5174,False
5181,False
5182,False
5186,False
5194,True
5197,True
5201,True
5202,False
5205,False
5214,False
5217,False
5220,False
5225,False
5227,False
5231,True
5233,False
5234,False
5236,False
5238,False
5239,False
5257,False
5258,False
5262,False
5269,True
5271,False
5273,False
5278,False
5280,False
5281,False
5286,True
5287,False
5288,True
5289,False
5291,False
5292,False
5304,False
5308,False
5314,False
5322,False
5323,False
5332,False
5337,False
5340,True
5341,False
5345,True
5351,True
5352,True
5358,False
5360,False
5374,False
5397,False
5404,False
5406,False
5408,False
5410,True
5418,False
5428,False
5452,False
5455,False
5467,False
5475,False
5479,False
5480,True
5505,False
5513,False
5517,False
5539,False
5569,False
5572,False
5593,True
5603,False
5604,False
5606,False
5613,False
5614,False
5625,True
5642,False
5643,False
5649,False
5654,False
5657,True
5662,False
5669,True
5671,False
5673,False
5675,False
5679,True
5696,False
5729,True
5734,True
5735,False
5741,False
5744,True
5745,False
5746,False
5747,False
5752,False
5763,True
5776,False
5780,False
5785,True
5786,False
5791,False
5797,False
5799,False
5803,True
5816,False
5828,False
5840,True
5847,True
5853,False
5855,False
5870,False
5871,False
5879,True
5883,False
5891,True
5899,False
5906,False
5926,False
5930,True
5937,False
5944,False
5956,False
5964,False
5975,True
5977,False
5996,False
6000,True
6004,True
6010,False
6038,True
6044,False
6051,False
6052,False
6064,True
6067,False
6075,True
6076,False
6102,False
6122,False
6136,False
6137,True
6153,False
6168,False
6174,False
6176,False
6180,False
6183,False
6197,False
6200,False
6203,False
6205,True
6212,True
6219,False
6221,True
6223,True
6232,False
6240,False
6248,False
6251,False
6255,False
6256,False
6271,False
6272,False
6273,False
6286,False
6290,False
6293,True
6296,False
6303,False
6306,False
6309,True
6318,True
6322,False
6327,False
6328,True
6330,True
6334,True
6354,False
6356,False
6361,False
6372,False
6376,False
6377,False
6379,False
6384,False
6386,False
6402,True
6415,False
6422,False
6424,True
6428,True
6437,False
6441,False
6458,False
6475,False
6480,False
6484,False
6485,False
6492,False
6497,False
6500,False
6503,False
6521,False
6522,False
6523,True
6530,True
6542,False
6547,True
6549,True
6552,True
6554,False
6559,False
6562,False
6563,False
6569,False
6574,True
6578,False
6582,False
6590,False
6600,False
6601,True
6615,False
6636,True
6639,False
6655,False
6658,False
6662,False
6663,False
6679,False
6686,False
6696,False
6698,False
6699,False
6713,False
6714,False
6716,False
6719,True
6725,True
6731,False
6735,False
6749,False
6753,False
6755,False
6759,False
6762,False
6763,False
6764,False
6775,False
6776,False
6779,False
6784,False
6792,False
6801,True
6807,False
6809,False
6814,False
6834,False
6835,True
6838,False
6862,True
6864,False
6869,False
6875,False
6880,False
6884,False
6888,False
6891,False
6894,True
6897,False
6906,False
6913,False
6924,True
6928,False
6944,False
6952,False
6956,False
6968,False
6973,False
6979,True
6982,False
6997,False
7010,False
7018,True
7028,False
7033,True
7035,False
7048,True
7062,False
7066,False
7070,False
7072,False
7078,False
7082,True
7090,False
7093,True
7095,False
7100,False
7107,True
7110,False
7111,True
7119,False
7120,False
7123,False
7124,False
7125,False
7130,True
7132,True
7133,False
7138,False
7140,False
7144,True
7146,True
7148,False
7162,False
7171,False
7174,False
7177,False
7180,False
7181,False
7183,False
7198,False
7200,False
7207,False
7210,False
7213,True
7217,False
7219,True
7224,True
7226,False
7229,False
7237,False
7245,False
7247,True
7250,True
7251,True
7255,False
7258,False
7263,False
7270,False
7281,True
7289,False
7292,False
7321,False
7328,False
7330,False
7332,False
7339,False
7341,False
7344,False
7348,False
7355,False
7367,False
7373,False
7379,True
7384,True
7386,False
7387,False
7388,False
7391,False
7392,False
7398,False
7399,False
7414,False
7424,False
7428,False
7443,False
7444,False
7459,False
7461,False
7462,True
7466,False
7471,False
7475,True
7479,True
7483,False
7485,False
7489,False
7497,True
7511,False
7525,False
7535,False
7536,False
7537,True
7539,False
7540,False
7542,False
7556,False
7557,False
7560,False
7563,True
7568,False
7577,False
7586,False
7588,True
7591,False
7596,True
7600,False
7601,False
7603,False
7608,False
7617,False
7619,True
7620,False
7624,False
7626,False
7628,False
7633,False
7638,False
7639,False
7641,False
7642,False
7643,False
7646,False
7648,False
7660,True
7671,False
7674,False
7679,False
7684,False
7685,False
7693,False
7702,True
7706,False
7719,False
7723,False
7726,False
7728,True
7731,False
7734,False
7736,False
7742,False
7744,False
7748,False
7755,False
7757,False
7759,True
7760,False
7774,False
7779,False
7780,False
7782,False
7785,False
7792,False
7794,False
7798,False
7799,True
7817,True
7836,False
7850,False
7852,False
7857,False
7864,False
7867,True
7872,False
7875,True
7876,False
7883,False
7884,True
7885,False
7892,False
7896,True
7898,False
7904,False
7908,False
7911,False
7918,False
7920,False
7931,False
7955,False
7956,False
7959,False
7965,False
7967,False
7968,True
7970,False
7972,False
7975,True
7987,False
7994,False
7996,False
7999,False
8003,True
8005,False
8035,False
8038,False
8045,False
8055,False
8057,False
8062,False
8063,True
8078,False
8079,True
8087,True
8089,True
8091,False
8099,False
8103,True
8104,True
8106,True
8107,False
8108,False
8111,False
8113,True
8117,False
8121,True
8135,True
8140,False
8142,False
8162,False
8163,False
8166,False
8167,False
8169,False
8170,False
8175,True
8179,False
8184,False
8185,False
8188,False
8200,True
8211,False
8218,False
8221,False
8224,False
8230,False
8238,False
8243,False
8248,True
8251,False
8258,False
8259,False
8260,False
8266,False
8275,True
8277,False
8279,False
8289,False
8291,False
8294,True
8296,False
8298,False
8303,False
8305,False
8306,True
8308,False
8315,False
8321,False
8322,False
8327,False
8334,False
8335,False
8338,True
8349,False
8354,False
8356,False
8360,False
8362,False
8373,False
8379,False
8382,False
8387,False
8393,True
8397,False
8400,True
8404,False
8417,False
8422,False
8423,True
8428,False
8433,False
8439,False
8444,False
8448,False
8463,False
8472,False
8480,False
8483,False
8486,False
8489,False
8490,True
8522,False
8532,False
8533,False
8544,False
8546,True
8547,False
8552,False
8559,False
8570,False
8590,False
8591,False
8597,False
8598,False
8605,False
8614,False
8615,False
8621,False
8625,False
8627,True
8629,True
8642,False
8646,False
8654,False
8658,False
8663,False
8666,True
8683,True
8687,False
8692,True
8702,False
8703,False
8713,False
8714,False
8724,False
8730,False
8752,False
8754,True
8772,False
8784,False
8786,False
8787,False
8794,False
8802,False
8807,False
8810,True
8814,False
8819,False
8832,False
8846,False
8849,True
8860,False
8862,False
8871,False
8874,False
8885,False
8887,False
8889,False
8892,False
8893,False
8909,False
8916,False
8917,False
8919,False
8923,False
8931,False
8935,False
8939,True
8949,False
8960,False
8970,False
8983,False
8985,False
8989,False
9004,True
9009,True
9010,True
9017,False
9028,False
9030,True
9034,True
9036,True
9040,True
9042,False
9044,False
9055,True
9068,False
9073,False
9074,False
9076,True
9077,False
9085,False
9088,False
9090,False
9091,False
9103,True
9115,False
9121,True
9129,True
9135,True
9138,True
9139,True
9144,False
9145,True
9146,False
9147,False
9159,True
9164,True
9165,False
9166,False
9170,True
9172,False
9174,False
9175,False
9179,True
9180,False
9182,False
9190,False
9195,False
9199,False
9203,False
9206,False
9213,False
9216,False
9217,False
9220,False
9222,True
9226,False
9238,False
9248,True
9255,False
9260,False
9261,False
9264,False
9274,False
9278,True
9288,True
9291,False
9307,False
9308,False
9309,True
9311,False
9312,False
9321,False
9326,False
9333,False
9340,False
9343,True
9358,False
9363,False
9392,False
9402,False
9404,True
9405,False
9407,False
9415,False
9420,True
9424,False
9436,False
9440,True
9443,False
9449,True
9456,False
9465,False
9474,False
9478,False
9483,False
9493,False
9496,True
9498,False
9503,False
9506,True
9510,False
9516,True
9519,False
9531,False
9532,True
9537,False
9538,False
9541,False
9545,False
9549,False
9555,True
9559,False
9561,False
9570,False
9588,False
9595,False
9597,False
9600,True
9607,False
9610,False
9630,False
9642,True
9644,False
9645,False
9648,False
9656,False
9661,False
9662,False
9667,False
9674,False
9682,False
9683,False
9685,False
9686,False
9688,True
9690,False
9692,False
9701,True
9712,False
9716,False
9725,False
9731,False
9734,False
9753,False
9758,True
9770,False
9774,False
9779,True
9780,True
9787,False
9790,False
9793,False
9794,False
9795,False
9801,False
9806,False
9822,False
9825,False
9826,False
9830,True
9836,True
9843,False
9845,False
9850,False
9852,False
9856,True
9858,True
9859,True
9864,False
9873,False
9876,True
9892,False
9901,True
9903,False
9912,False
9915,True
9922,False
9924,False
9928,False
9934,False
9937,False
9946,False
9949,False
9957,True
9958,False
9976,False
9977,False
9979,False
9987,False
9991,False
9998,False
10005,False
10014,False
10015,False
10027,False
10036,False
10042,False
10043,False
10047,False
10053,False
10054,False
10063,False
10066,True
10072,False
10074,False
10085,False
10090,True
10102,True
10106,False
10108,False
10122,False
10125,False
10151,False
10154,False
10155,True
10159,False
10166,False
10180,False
10181,False
10191,False
10192,False
10193,True
10204,False
10213,False
10214,False
10216,True
10219,False
10225,False
10230,False
10232,False
10237,False
10240,False
10259,False
10262,False
10267,False
10273,False
10279,False
10284,True
10290,False
10306,False
10324,True
10328,False
10330,False
10340,True
10341,True
10344,False
10348,False
10351,False
10352,False
10356,False
10363,False
10364,False
10369,True
10375,False
10388,False
10390,True
10399,False
10404,False
10406,False
10407,False
10409,False
10412,False
10423,False
10424,False
10432,False
10440,True
10443,False
10445,True
10446,True
10451,True
10452,False
10456,True
10459,False
10460,False
10461,False
10465,False
10469,False
10474,False
10479,False
10485,False
10491,False
10493,False
10501,False
10504,True
10505,False
10507,True
10508,False
10512,False
10524,False
10532,False
10533,True
10543,False
10551,False
10557,False
10564,False
10577,False
10589,True
10598,False
10606,True
10611,False
10616,False
10617,False
10620,False
10621,False
10623,False
10631,False
10637,False
10639,False
10641,False
10643,False
10644,False
10645,True
10647,True
10650,False
10654,True
10655,False
10660,False
10663,False
10667,True
10692,False
10694,False
10703,True
10713,False
10720,True
10724,False
10729,False
10750,False
10766,False
10770,False
10772,False
10776,False
10780,False
10784,False
10790,False
10792,False
10795,True
10798,False
10804,False
10805,False
10807,True
10810,True
10811,True
10812,False
10813,True
10822,True
10831,True
10833,False
10835,False
10858,False
10875,False
10877,False
10880,True
10883,False
10889,False
10908,False
10909,False
10911,False
10924,False
10936,False
10956,True
10958,True
10962,True
10967,False
10975,False
10992,False
10994,False
11002,False
11015,False
11019,False
11028,True
11035,False
11052,True
11057,False
11065,False
11072,False
11073,True
11085,False
11087,False
11088,False
11089,False
11091,False
11092,False
11093,False
11094,False
11097,False
11101,True
11103,False
11109,False
11110,False
11111,False
11112,False
11116,False
11119,False
11120,False
11123,True
11132,False
11135,False
11157,False
11158,False
11160,False
11162,False
11175,False
11179,False
11183,False
11190,False
11192,False
11212,False
11214,False
11221,False
11225,True
11229,False
11231,False
11240,False
11241,False
11252,False
11259,False
11260,False
11274,True
11278,True
11281,True
11286,False
11287,False
11289,False
11298,False
11300,False
11303,False
11304,True
11305,True
11309,False
11310,False
11318,False
11326,False
11327,True
11337,False
11344,False
11348,False
11351,False
11353,False
11355,False
11357,False
11361,True
11366,True
11368,False
11375,False
11377,False
11390,False
11394,False
11396,False
11400,False
11420,False
11426,False
11428,False
11430,True
11440,False
11444,False
11449,True
11451,True
11453,False
11474,False
11475,False
11495,False
11497,True
11503,False
11505,False
11514,True
11516,True
11517,False
11531,False
11535,False
11542,False
11546,False
11550,False
11551,True
11563,False
11566,False
11570,False
11582,True
11586,False
11589,False
11591,False
11592,False
11595,False
11597,False
11602,False
11615,True
11618,False
11619,False
11624,False
11625,False
11631,False
11634,False
11650,False
11651,False
11653,False
11662,True
11664,False
11665,False
11671,False
11674,True
11675,False
11677,True
11683,False
11693,False
11694,False
11706,False
11715,True
11716,False
11719,False
11720,False
11727,False
11742,True
11745,False
11746,True
11757,False
11762,False
11767,True
11769,True
11779,False
11780,False
11785,True
11789,True
11791,False
11797,False
11804,False
11813,True
11815,False
11830,False
11839,True
11851,True
11862,True
11865,False
11874,False
11877,False
11889,False
11899,True
11904,False
11929,False
11943,True
11944,False
11948,False
11963,False
11965,False
11969,False
11970,False
11979,False
11988,False
11995,False
11996,False
11997,False
11998,False
12001,False
12005,False
12008,False
12018,False
12020,False
12028,True
12035,False
12048,True
12056,False
12062,False
12067,False
12069,False
12072,False
12091,False
12097,True
12099,False
12105,False
12107,False
12108,False
12109,True
12111,False
12128,False
12130,False
12132,False
12135,False
12138,False
12143,False
12149,False
12150,True
12155,False
12158,True
12163,False
12168,False
12181,False
12189,False
12193,False
12202,False
12212,False
12213,False
12215,False
12221,False
12223,False
12228,True
12229,True
12250,True
12261,False
12262,False
12265,False
12272,False
12277,True
12283,False
12288,False
12302,False
12307,False
12312,True
12314,False
12320,True
12322,True
12346,False
12348,False
12355,True
12370,False
12374,False
12376,False
12380,False
12382,False
12403,False
12414,False
12421,True
12442,False
12444,False
12449,True
12475,False
12477,False
12490,False
12498,False
12509,False
12513,False
12521,False
12537,False
12538,False
12542,True
12545,False
12549,False
12562,False
12563,False
12564,False
12567,False
12573,False
12579,False
12591,False
12595,False
12603,True
12636,False
12639,False
12643,False
12645,False
12646,False
12647,False
12657,True
12660,False
12668,True
12676,False
12677,False
12687,False
12696,False
12697,False
12698,False
12701,False
12702,False
12703,False
12704,True
12710,False
12711,False
12713,False
12714,True
12722,False
12727,False
12737,False
12738,False
12741,False
12749,False
12771,True
12776,False
12781,False
12789,False
12794,True
12799,False
12800,False
12803,False
12805,False
12808,False
12811,False
12825,False
12834,False
12835,False
12836,False
12840,False
12843,False
12844,False
12845,False
12849,False
12858,False
12859,False
12866,False
12871,True
12873,False
12885,False
12887,False
12899,False
12908,True
12910,False
12917,False
12929,False
12934,False
12946,False
12950,False
12951,False
12953,False
12956,False
12961,False
12963,True
12976,True
12985,False
12989,False
12990,False
13013,False
13014,False
13025,True
13032,False
13034,True
13037,False
13055,False
13061,False
13074,False
13082,False
13084,False
13085,False
13086,True
13098,False
13099,False
13102,False
13110,False
13113,False
13116,False
13119,True
13120,True
13125,False
13127,True
13131,True
13133,False
13136,False
13137,False
13138,True
13140,False
13142,True
13146,False
13160,False
13164,True
13167,False
13171,False
13177,False
13184,False
13188,False
13194,False
13201,False
13203,False
13204,False
13206,False
13209,False
13212,False
13213,False
13227,True
13235,False
13236,False
13237,True
13250,False
13253,False
13254,True
13256,False
13258,True
13262,False
13266,False
13268,False
13278,False
13292,False
13301,False
13304,False
13306,False
13307,False
13318,False
13323,False
13330,False
13331,False
13335,False
13338,False
13344,False
13356,True
13364,False
13366,False
13367,True
13369,False
13375,True
13378,False
13383,False
13397,False
13399,True
13409,False
13419,False
13420,True
13425,False
13427,False
13440,False
13450,False
13454,False
13460,False
13461,True
13469,False
13470,False
13472,False
13478,False
13482,False
13487,False
13492,True
13495,True
13496,False
13502,False
13507,False
13517,False
13528,False
13535,False
13537,False
13541,False
13542,True
13543,False
13546,False
13550,False
13552,False
13566,False
13572,False
13573,False
13574,False
13576,False
13592,False
13610,False
13612,False
13615,True
13632,False
13645,False
13649,False
13650,False
13653,True
13655,False
13656,False
13667,False
13674,False
13677,True
13685,True
13703,False
13709,False
13718,False
13719,False
13724,False
13729,True
13730,False
13735,False
13736,True
13739,False
13743,True
13746,True
13748,False
13751,False
13767,False
13771,False
13773,False
13779,False
13781,False
13785,False
13796,True
13804,True
13815,True
13820,False
13827,True
13834,False
13835,False
13836,False
13839,False
13845,False
13846,False
13855,False
13873,False
13875,False
13879,False
13880,False
13907,False
13910,False
13914,True
13921,True
13923,False
13929,False
13940,False
13942,False
13945,False
13946,False
13947,False
13948,True
13949,False
13960,False
13961,False
13970,False
13986,False
13988,True
13992,True
13993,True
13996,True
13997,False
13999,True
14003,False
14005,False
14007,False
14010,False
14020,False
14025,False
14027,True
14030,False
14049,False
14051,False
14073,False
14074,False
14082,False
14088,False
14098,False
14118,False
14121,False
14126,True
14128,True
14131,False
14135,False
14139,False
14144,False
14145,False
14148,False
14149,False
14169,False
14177,False
14179,False
14195,False
14199,False
14203,False
14210,False
14213,False
14220,False
14226,False
14227,False
14241,False
14247,True
14248,True
14252,False
14260,False
14261,False
14265,False
14279,False
14285,True
14314,False
14322,False
14325,False
14341,False
14353,True
14354,False
14362,False
14363,False
14366,False
14374,False
14381,False
14386,False
14407,False
14414,True
14417,False
14425,False
14444,False
14455,False
14456,True
14463,False
14465,False
14474,False
14493,False
14498,False
14500,False
14501,False
14509,False
14512,False
14520,False
14526,False
14527,False
14542,False
14552,True
14571,False
14574,False
14582,False
14585,False
14587,False
14592,False
14600,True
14629,False
14634,False
14636,True
14638,True
14642,False
14648,False
14652,True
14654,False
14655,False
14665,False
14669,False
14673,False
14680,False
14681,False
14682,True
14685,True
14695,False
14696,False
14712,False
14718,False
14719,False
14720,False
14724,False
14729,False
14740,False
14744,True
14751,False
14755,True
14763,True
14765,False
14775,False
14778,False
14781,False
14782,False
14784,False
14790,False
14791,False
14815,False
14821,False
14822,False
14824,True
14826,False
14830,True
14836,False
14848,True
14850,False
14858,False
14869,False
14875,False
14879,True
14883,False
14884,False
14888,True
14900,False
14901,False
14906,False
14908,False
14910,True
14924,True
14925,False
14931,False
14932,False
14936,False
14938,False
14940,True
14951,False
14956,False
14959,False
14962,False
14967,True
14974,False
14975,False
14988,True
14990,False
14992,True
15008,False
15012,True
15016,True
15023,False
15037,False
15042,False
15043,False
15048,False
15052,False
15066,False
15071,True
15082,False
15088,True
15090,True
15093,False
15095,False
15101,False
15108,False
15113,False
15120,False
15124,False
15132,True
15135,False
15136,False
15140,False
15167,True
15169,False
15172,False
15178,False
15179,False
15189,False
15190,True
15196,False
15204,False
15209,False
15213,False
15224,True
15229,False
15236,True
15243,False
15245,False
15254,False
15269,False
15273,False
15274,True
15284,False
15285,False
15292,False
15299,False
15301,False
15307,False
15308,False
15309,False
15321,False
15323,False
15328,True
15331,True
15334,False
15340,False
15344,True
15347,False
15353,True
15358,False
15360,False
15362,False
15363,False
15365,False
15372,False
15376,True
15380,False
15389,False
15401,False
15404,False
15412,False
15416,False
15426,False
15428,False
15450,False
15453,False
15454,False
15459,False
15461,False
15467,False
15469,True
15471,True
15474,True
15486,False
15490,False
15494,False
15500,True
15504,False
15505,False
15509,False
15510,False
15512,False
15513,False
15514,False
15517,False
15528,True
15539,True
15541,False
15546,False
15552,False
15558,False
15569,False
15588,False
15590,False
15593,False
15614,False
15624,False
15632,False
15636,False
15637,False
15639,False
15644,False
15651,False
15653,True
15659,False
15668,True
15669,False
15673,False
15696,False
15713,False
15719,False
15721,False
15725,False
15739,True
15746,False
15750,False
15754,False
15785,True
15787,False
15790,False
15794,False
15811,False
15812,False
15816,False
15817,False
15819,True
15836,False
15845,False
15852,False
15853,True
15867,False
15868,False
15874,False
15894,False
15896,True
15899,False
15901,False
15910,False
15912,False
15935,False
15936,False
15955,False
15956,False
15966,False
15970,False
15973,False
15982,False
15983,False
15985,False
15989,False
15990,True
15994,False
15997,False
16002,False
16003,False
16004,False
16012,False
16017,False
16019,False
16031,False
16036,True
16041,False
16043,False
16044,False
16045,True
16062,False
16064,False
16074,False
16075,True
16079,False
16090,False
16092,False
16094,False
16105,False
16108,False
16109,False
16116,False
16134,False
16140,True
16142,False
16148,False
16152,False
16155,False
16157,False
16159,False
16171,False
16173,False
16176,False
16180,False
16187,True
16190,False
16191,False
16192,False
16195,False
16207,False
16211,False
16215,True
16219,True
16223,False
16230,False
16235,False
16243,True
16245,False
16253,False
16257,False
16270,False
16271,True
16273,False
16275,True
16276,True
16281,False
16292,False
16305,False
16312,False
16314,True
16319,False
16333,True
16337,False
16348,False
16355,False
16371,False
16373,False
16378,False
16391,True
16398,False
16400,False
16402,False
16406,False
16413,False
16438,True
16456,False
16458,True
16459,False
16461,False
16475,False
16477,False
16478,False
16479,False
16480,False
16481,False
16498,False
16504,False
16517,True
16518,False
16519,False
16522,False
16523,False
16524,False
16534,False
16535,False
16543,False
16549,False
16578,False
16592,False
16593,True
16594,False
16596,False
16598,False
16601,False
16618,True
16625,True
16628,False
16629,False
16633,False
16636,False
16657,False
16665,True
16677,False
16679,False
16685,False
16686,False
16694,False
16698,False
16700,True
16701,False
16704,False
16706,True
16716,True
16723,False
16725,False
16730,False
16739,False
16741,False
16767,False
16778,False
16781,False
16789,False
16790,False
16796,False
16799,False
16808,False
16809,False
16821,False
16826,False
16830,False
16831,False
16832,False
16840,False
16843,False
16852,False
16853,False
16856,False
16860,True
16863,False
16866,False
16870,False
16873,False
16878,False
16879,False
16880,False
16883,False
16887,True
16895,False
16904,False
16910,False
16914,True
16916,False
16926,False
16931,False
16938,False
16939,False
16940,False
16951,False
16953,False
16961,False
16966,True
16970,True
16983,True
16994,False
17005,False
17007,False
17009,False
17018,False
17021,False
17034,False
17054,True
17057,True
17061,False
17064,False
17074,False
17082,False
17083,False
17084,False
17087,False
17088,False
17090,False
17092,True
17097,True
17107,False
17110,False
17111,False
17148,True
17149,False
17152,False
17153,False
17157,False
17162,False
17167,False
17172,False
17175,False
17176,False
17180,False
17181,True
17186,True
17187,True
17188,False
17192,False
17197,True
17209,False
17211,False
17216,True
17221,False
17225,False
17230,True
17238,True
17242,False
17247,False
17266,False
17291,False
17292,False
17295,False
17298,True
17301,False
17303,False
17304,False
17307,True
17314,False
17319,False
17321,False
17328,False
17333,False
17338,False
17343,False
17345,False
17357,False
17363,False
17366,False
17387,False
17388,False
17389,True
17391,True
17392,True
17394,True
17397,False
17403,True
17404,False
17405,False
17410,False
17411,False
17416,False
17423,False
17428,True
17443,False
17444,False
17445,False
17446,False
17447,False
17454,False
17456,False
17460,False
17461,False
17466,True
17469,False
17476,True
17477,False
17478,False
17487,False
17488,False
17489,True
17494,False
17499,False
17503,False
17509,False
17512,False
17516,False
17518,False
17524,True
17533,False
17536,False
17542,False
17543,False
17546,False
17551,False
17555,False
17558,False
17562,False
17567,False
17568,False
17578,True
17579,True
17581,False
17584,False
17585,True
17589,True
17592,False
17597,False
17598,False
17623,False
17624,False
17634,False
17637,True
17640,False
17641,False
17647,False
17653,False
17657,False
17661,False
17668,False
17672,False
17674,False
17688,False
17689,False
17694,False
17701,False
17702,False
17713,True
17718,False
17727,False
17729,False
17730,False
17735,True
17736,False
17740,False
17741,False
17742,False
17755,False
17756,False
17767,False
17768,False
17776,False
17778,False
17789,False
17793,False
17796,False
17805,False
17811,False
17817,False
17831,False
17834,False
17835,False
17840,False
17842,False
17844,False
17850,False
17851,False
17855,True
17858,False
17871,True
17882,False
17884,False
17896,False
17901,False
17902,False
17904,True
17906,False
17909,False
17918,False
17921,False
17924,False
17931,False
17938,True
17940,False
17941,False
17942,False
17949,True
17956,False
17958,True
17978,True
17980,False
17996,False
17997,True
18003,False
18005,False
18013,False
18034,False
18038,False
18040,False
18047,True
18066,False
18078,False
18084,True
18085,False
18088,False
18094,False
18103,False
18107,False
18112,False
18113,False
18117,False
18118,True
18121,False
18122,False
18124,False
18127,False
18147,True
18163,False
18167,False
18189,True
18192,False
18195,False
18201,False
18217,False
18238,False
18243,False
18246,True
18250,False
18254,False
18258,False
18262,False
18264,False
18265,False
18266,False
18267,False
18272,False
18275,False
18277,False
18285,False
18286,False
18291,False
18295,False
18300,False
18305,False
18306,False
18310,True
18312,True
18319,False
18339,False
18344,False
18346,False
18347,True
18353,False
18356,True
18358,False
18368,False
18381,False
18385,False
18390,True
18405,False
18411,False
18417,False
18418,False
18428,False
18435,False
18442,False
18444,True
18448,False
18451,False
18459,False
18460,False
18463,False
18465,False
18470,False
18472,True
18496,False
18499,False
18512,True
18517,False
18522,False
18527,False
18528,True
18535,False
18543,True
18547,True
18560,False
18568,False
18582,False
18587,False
18600,True
18614,False
18629,False
18633,False
18638,False
18640,False
18641,False
18644,False
18647,False
18649,False
18651,False
18652,False
18662,True
18664,False
18667,False
18672,False
18695,False
18700,False
18701,False
18704,False
18707,False
18713,False
18730,False
18740,True
18741,False
18742,False
18744,False
18747,False
18754,False
18756,False
18761,False
18773,False
18777,False
18779,False
18784,False
18789,True
18799,False
18803,False
18806,False
18818,False
18823,False
18828,False
18832,False
18836,False
18843,False
18845,False
18846,False
18850,False
18852,False
18862,True
18864,False
18868,False
18882,False
18885,True
18893,False
18895,False
18896,False
18900,False
18905,False
18906,False
18908,False
18912,False
18921,False
18922,True
18941,False
18950,True
18978,True
18979,True
18981,True
18997,False
19007,False
19008,True
19013,False
19016,True
19025,False
19027,False
19042,True
19048,True
19052,False
19061,False
19062,True
19065,False
19068,False
19070,False
19073,False
19077,False
19101,False
19108,False
19111,False
19112,False
19118,False
19121,False
19122,False
19128,False
19130,True
19133,False
19136,False
19147,False
19148,False
19150,True
19151,True
19152,False
19159,False
19160,False
19173,False
19174,True
19180,False
19185,False
19204,False
19208,False
19212,False
19214,False
19216,False
19232,True
19234,False
19241,True
19242,False
19244,False
19257,False
19261,False
19274,False
19285,False
19294,False
19299,False
19301,True
19303,False
19305,False
19325,False
19326,False
19328,False
19337,False
19343,True
19347,False
19358,False
19361,False
19376,False
19380,False
19390,False
19392,False
19401,False
19408,False
19410,False
19414,False
19416,False
19419,False
19421,False
19423,False
19428,True
19432,True
19433,False
19434,False
19437,False
19445,False
19453,True
19456,False
19460,False
19464,False
19466,False
19467,True
19470,True
19471,False
19474,False
19479,False
19482,True
19487,False
19490,False
19492,False
19497,False
19499,False
19504,True
19510,False
19514,False
19517,True
19519,False
19521,True
19527,False
19528,False
19529,False
19534,False
19537,False
19539,False
19541,False
19543,True
19546,False
19548,True
19552,False
19558,False
19559,False
19561,False
19564,False
19573,False
19577,False
19587,True
19588,False
19599,False
19606,False
19609,False
19615,False
19624,False
19628,False
19636,False
19637,False
19641,False
19643,False
19648,True
19658,False
19662,False
19663,False
19664,False
19667,False
19672,False
19676,False
19679,False
19680,False
19681,False
19688,False
19703,False
19714,False
19715,False
19719,False
19726,False
19728,False
19731,False
19743,False
19751,False
19754,True
19764,False
19771,True
19780,False
19784,False
19785,False
19794,False
19801,True
19806,False
19820,False
19821,False
19827,True
19829,False
19837,True
19844,False
19846,False
19854,False
19870,False
19871,False
19879,True
19885,False
19903,False
19905,False
19906,False
19907,False
19915,False
19917,False
19921,False
19927,False
19929,False
19936,True
19937,False
19944,False
19946,False
19959,True
19972,False
19982,False
19984,False
19996,True
19998,True
20000,False
20011,True
20016,False
20020,False
20021,False
20023,False
20054,True
20058,False
20063,False
20076,False
20081,False
20093,False
20097,False
20099,False
20104,False
20114,True
20115,True
20126,False
20128,False
20129,False
20136,True
20137,True
20141,False
20142,True
20151,False
20153,False
20157,False
20163,False
20171,False
20175,False
20177,False
20180,False
20186,True
20189,False
20193,False
20195,False
20202,False
20208,False
20209,False
20210,False
20220,False
20226,False
20227,False
20230,False
20247,False
20249,False
20252,False
20265,False
20266,False
20267,False
20281,True
20283,False
20292,True
20298,False
20306,False
20317,False
20330,False
20334,False
20342,True
20345,False
20347,False
20350,False
20359,True
20360,False
20363,False
20379,True
20380,False
20381,False
20386,False
20415,False
20418,True
20422,True
20432,False
20450,False
20454,True
20457,False
20466,True
20479,False
20484,False
20495,False
20498,True
20501,False
20510,False
20514,False
20515,False
20516,True
20517,False
20524,False
20544,True
20549,False
20550,True
20560,False
20563,False
20572,False
20585,False
20598,False
20599,False
20605,False
20611,False
20612,False
20616,False
20622,False
20625,False
20629,False
20639,False
20647,False
20655,False
20656,False
20664,False
20671,False
20674,False
20675,False
20676,True
20682,True
20691,False
20694,False
20695,False
20700,False
20701,False
20703,False
20710,False
20715,False
20719,False
20720,False
20729,False
20751,False
20753,False
20756,False
20770,False
20772,False
20778,False
20785,False
20790,False
20794,False
20805,False
20808,False
20812,False
20818,False
20823,False
20836,False
20844,False
20851,False
20852,False
20855,False
20861,False
20864,False
20865,True
20867,True
20872,True
20874,True
20876,False
20890,False
20905,False
20906,False
20907,False
20913,True
20918,False
20922,False
20926,True
20933,False
20943,False
20944,False
20953,False
20955,False
20965,False
20971,False
20973,False
20977,False
20986,False
20988,True
20993,False
21003,True
21004,False
21012,False
21016,False
21028,False
21031,False
21033,True
21039,False
21040,True
21044,False
21046,False
21047,False
21048,False
21051,False
21059,False
21081,False
21087,True
21088,False
21094,False
21097,True
21110,True
21111,False
21112,False
21119,False
21138,False
21139,True
21146,False
21161,True
21163,False
21164,False
21168,False
21181,False
21186,False
21189,True
21195,False
21203,False
21210,False
21211,False
21218,True
21234,False
21242,False
21252,True
21253,False
21258,False
21259,False
21260,False
21266,False
21276,True
21291,False
21297,False
21300,False
21301,False
21308,False
21312,False
21314,False
21321,False
21328,True
21339,True
21344,True
21346,False
21353,False
21357,True
21362,False
21376,False
21379,False
21380,True
21386,False
21395,False
21396,True
21401,False
21402,False
21410,True
21429,False
21436,True
21441,False
21442,False
21443,True
21448,True
21451,False
21456,False
21464,False
21468,True
21473,False
21478,True
21485,False
21487,False
21488,False
21497,False
21508,False
21518,False
21525,False
21526,False
21529,False
21534,True
21536,True
21542,False
21543,True
21547,False
21550,False
21551,False
21552,False
21557,False
21564,False
21565,False
21566,False
21572,False
21579,False
21580,False
21582,True
21591,False
21595,False
21599,True
21601,False
21615,False
21627,False
21640,False
21658,False
21659,False
21666,False
21667,True
21669,False
21681,False
21682,True
21683,False
21689,False
21692,False
21694,False
21709,True
21712,False
21714,False
21721,True
21724,False
21742,False
21745,False
21748,True
21763,False
21770,True
21772,False
21773,False
21777,False
21778,False
21794,False
21797,False
21804,False
21807,True
21810,False
21811,False
21812,False
21816,False
21827,False
21829,False
21833,False
21842,False
21846,True
21849,False
21860,False
21862,False
21870,False
21877,False
21880,False
21881,False
21882,False
21889,False
21894,False
21897,False
21900,False
21906,False
21907,False
21912,False
21918,False
21919,False
21928,False
21930,False
21938,False
21941,False
21946,False
21948,True
21951,False
21954,False
21956,False
21957,False
21960,False
21963,True
21967,True
21971,False
21980,False
21984,False
21995,False
22007,True
22014,False
22020,False
22026,False
22030,False
22032,False
22037,False
22038,True
22043,False
22045,False
22046,False
22047,False
22050,True
22057,False
22062,False
22067,False
22068,False
22069,False
22073,False
22076,False
22088,False
22109,False
22111,False
22122,True
22129,False
22137,True
22142,False
22163,True
22164,False
22177,False
22180,True
22181,False
22185,False
22187,False
22188,False
22189,False
22195,False
22196,False
22198,False
22199,False
22202,False
22212,False
22218,False
22225,False
22234,False
22239,False
22241,False
22249,True
22252,True
22255,False
22260,False
22266,False
22267,False
22269,False
22271,False
22274,False
22284,False
22285,False
22291,False
22307,False
22325,False
22326,False
22347,True
22353,False
22365,False
22371,False
22374,False
22381,False
22390,False
22396,False
22409,True
22413,False
22415,False
22419,True
22423,True
22425,False
22429,False
22444,False
22445,False
22447,False
22462,True
22463,True
22464,False
22483,False
22490,False
22491,False
22512,False
22516,True
22534,False
22539,False
22547,False
22555,False
22566,False
22572,False
22578,False
22584,False
22585,False
22593,False
22594,False
22598,False
22606,False
22608,False
22610,False
22614,True
22626,False
22636,False
22662,False
22668,False
22669,True
22670,False
22677,False
22681,False
22685,False
22690,False
22699,False
22706,False
22715,False
22717,False
22718,False
22734,True
22741,False
22744,True
22747,False
22753,False
22759,False
22766,False
22767,False
22769,False
22774,False
22779,False
22786,False
22793,False
22796,False
22797,False
22805,False
22808,True
22814,False
22816,False
22820,False
22824,True
22832,False
22834,False
22839,False
22841,False
22843,False
22846,False
22856,True
22863,False
22867,False
22883,False
22887,False
22890,False
22896,False
22900,False
22904,False
22905,False
22906,False
22919,True
22926,False
22934,False
22939,False
22941,False
22943,True
22944,False
22949,False
22954,False
22962,False
22973,False
22980,True
22982,False
22986,False
23010,False
23027,False
23038,False
23043,False
23046,True
23049,False
23061,True
23067,True
23070,True
23075,False
23077,False
23088,False
23094,True
23101,False
23112,False
23114,False
23119,False
23132,True
23135,True
23139,False
23147,False
23148,False
23149,False
23161,False
23172,False
23179,False
23182,False
23184,True
23196,False
23198,False
23200,False
23202,False
23208,False
23210,False
23217,False
23218,False
23219,False
23223,False
23227,False
23228,False
23234,False
23235,False
23238,False
23239,False
23241,False
23246,False
23251,False
23259,False
23261,False
23263,True
23264,False
23265,False
23267,False
23269,False
23270,False
23272,False
23279,True
23281,False
23292,False
23305,False
23314,False
23323,False
23327,False
23331,True
23333,False
23337,False
23341,False
23348,False
23363,True
23375,False
23385,False
23386,False
23400,False
23401,True
23402,False
23406,False
23419,False
23425,False
23439,False
23442,False
23451,False
23456,False
23464,False
23468,False
23470,True
23474,False
23482,False
23486,False
23490,True
23492,False
23499,False
23501,False
23504,False
23511,True
23512,False
23521,False
23523,False
23533,False
23535,False
23540,False
23549,True
23550,False
23553,False
23555,False
23556,False
23562,False
23569,False
23584,False
23585,False
23596,False
23605,False
23622,False
23623,False
23636,False
23640,False
23656,False
23665,False
23667,True
23672,False
23674,False
23676,False
23677,False
23685,False
23689,True
23690,False
23697,False
23702,False
23703,False
23704,False
23708,False
23731,False
23736,False
23760,False
23764,False
23771,False
23772,True
23778,False
23783,False
23786,False
23787,False
23789,False
23790,True
23795,True
23801,False
23802,False
23810,False
23811,False
23815,False
23829,False
23835,False
23839,False
23845,True
23864,False
23868,False
23879,True
23883,False
23886,False
23892,False
23893,False
23905,False
23910,True
23911,False
23915,True
23918,False
23920,False
23921,False
23933,False
23937,False
23941,False
23947,False
23953,False
23960,False
23967,False
23970,True
23971,False
23990,False
23993,False
23994,False
24005,False
24007,False
24008,False
24010,False
24020,False
24021,False
24029,False
24031,True
24036,False
24045,False
24053,False
24055,True
24058,True
24059,False
24061,True
24073,False
24075,False
24078,False
24090,False
24094,False
24104,False
24112,False
24114,True
24116,False
24117,False
24129,False
24130,False
24145,False
24146,False
24174,True
24177,False
24181,False
24189,False
24191,False
24197,False
24205,False
24225,False
24232,False
24242,True
24243,False
24244,False
24247,False
24248,False
24259,False
24262,False
24285,False
24288,False
24297,True
24299,True
24307,False
24308,True
24309,False
24312,False
24313,False
24320,True
24323,False
24324,True
24326,True
24327,False
24333,False
24343,False
24351,False
24357,False
24358,False
24359,False
24362,False
24366,False
24368,False
24370,False
24380,False
24386,False
24389,True
24390,False
24399,False
24403,False
24406,True
24407,False
24408,False
24416,False
24418,False
24419,False
24428,True
24440,True
24447,True
24450,True
24465,True
24469,False
24471,False
24476,False
24478,False
24484,False
24486,False
24493,False
24504,False
24517,False
24520,False
24525,False
24533,False
24535,True
24539,False
24541,False
24555,False
24556,False
24566,False
24567,False
24569,False
24581,True
24583,False
24585,False
24602,False
24606,True
24607,False
24608,False
24611,False
24612,False
24618,False
24620,False
24626,False
24630,False
24641,False
24642,False
24643,True
24648,True
24651,False
24656,False
24662,True
24665,False
24671,False
24682,False
24696,False
24697,False
24717,True
24722,False
24725,False
24726,True
24727,False
24731,False
24734,False
24747,False
24754,False
24755,False
24760,False
24761,True
24767,False
24769,False
24786,False
24795,True
24801,False
24802,False
24813,False
24816,False
24818,False
24821,True
24826,True
24827,False
24828,False
24829,False
24830,False
24861,False
24864,False
24879,False
24881,False
24882,False
24900,True
24905,False
24912,False
24919,False
24925,False
24928,True
24932,True
24933,False
24936,True
24939,False
24943,False
24949,False
24955,False
24961,False
24962,True
24965,False
24972,False
24976,False
24987,False
24997,True
25010,True
25011,False
25014,False
25021,False
25030,False
25033,False
25036,False
25041,False
25042,False
25043,True
25047,False
25048,True
25052,False
25066,False
25067,False
25081,True
25091,False
25092,False
25093,True
25094,False
25100,False
25101,False
25108,False
25116,False
25119,False
25124,False
25134,False
25138,False
25139,False
25148,False
25164,True
25174,False
25192,False
25193,True
25196,False
25197,False
25208,True
25210,False
25211,True
25215,False
25216,False
25217,False
25225,False
25237,True
25243,True
25250,False
25255,False
25257,False
25258,False
25260,False
25264,False
25269,False
25271,True
25277,False
25278,True
25292,False
25295,False
25302,False
25303,False
25315,False
25352,True
25355,False
25356,False
25374,False
25393,False
25395,False
25396,False
25400,False
25406,False
25407,False
25418,False
25425,True
25426,False
25430,False
25439,False
25443,False
25445,True
25447,False
25451,False
25464,False
25465,False
25468,False
25475,False
25478,False
25480,False
25482,False
25492,False
25497,False
25513,True
25517,False
25521,True
25522,False
25527,False
25532,False
25535,False
25542,False
25545,False
25546,False
25547,False
25554,True
25557,False
25558,False
25560,False
25568,False
25573,False
25574,True
25589,False
25594,False
25597,True
25603,False
25604,False
25606,True
25608,False
25610,False
25616,False
25617,False
25621,False
25625,False
25626,False
25628,False
25641,False
25642,True
25644,False
25645,False
25656,False
25660,True
25663,False
25670,False
25673,False
25693,False
25699,True
25703,True
25711,False
25712,True
25719,True
25723,False
25725,False
25732,False
25734,True
25735,False
25742,False
25765,False
25766,True
25769,True
25773,True
25777,True
25779,True
25789,True
25793,False
25805,False
25820,False
25823,False
25831,False
25835,False
25841,False
25850,False
25852,False
25867,False
25873,True
25887,False
25890,False
25893,False
25902,False
25910,False
25919,False
25925,True
25936,False
25940,False
25951,True
25952,True
25953,True
25958,False
25971,False
25977,False
25980,False
25983,False
25992,False
25995,True
25999,False
26000,False
26017,False
26027,False
26035,False
26038,False
26049,False
26051,False
26053,False
26055,False
26064,False
26074,False
26075,False
26086,False
26090,True
26100,True
26102,False
26104,False
26105,False
26110,False
26119,False
26137,False
26140,False
26141,False
26149,False
26152,False
26155,False
26157,False
26166,True
26179,False
26181,True
26183,False
26187,False
26192,True
26193,False
26197,False
26198,False
26203,False
26204,False
26208,True
26212,True
26224,False
26242,True
26249,False
26251,False
26265,False
26271,False
26275,False
26281,True
26287,False
26289,False
26291,False
26293,False
26297,False
26298,False
26301,True
26310,False
26313,False
26328,False
26330,False
26331,True
26338,False
26343,False
26349,False
26350,False
26352,False
26353,True
26360,False
26361,False
26368,False
26391,False
26393,True
26394,False
26399,False
26406,False
26408,False
26409,False
26411,False
26415,False
26421,False
26422,False
26437,False
26440,False
26446,True
26447,False
26463,False
26466,False
26477,False
26480,True
26481,False
26483,False
26485,False
26502,True
26505,True
26513,False
26525,False
26528,False
26531,True
26535,False
26538,False
26551,True
26553,False
26556,False
26560,False
26561,True
26588,False
26590,False
26592,False
26593,False
26595,False
26603,False
26604,False
26606,False
26610,False
26620,True
26651,False
26654,False
26659,False
26660,False
26674,False
26677,True
26680,False
26681,False
26682,False
26686,False
26689,False
26699,False
26701,True
26702,False
26705,False
26708,False
26710,False
26713,False
26715,False
26720,False
26723,False
26725,False
26728,False
26729,True
26733,False
26739,False
26751,True
26757,False
26769,True
26770,False
26774,False
26775,False
26776,False
26780,False
26786,False
26797,True
26800,False
26803,True
26808,False
26813,False
26814,True
26827,False
26833,False
26834,False
26835,False
26837,False
26839,False
26841,False
26842,False
26848,False
26853,False
26854,False
26856,False
26858,False
26862,False
26866,False
26873,False
26874,False
26885,False
26886,False
26887,False
26890,False
26892,False
26902,False
26909,True
26914,False
26917,False
26920,True
26931,False
26938,False
26942,False
26946,False
26948,False
26960,False
26972,False
26980,True
26982,False
26984,False
27001,False
27003,False
27004,False
27006,False
27009,False
27017,False
27029,False
27030,False
27036,True
27038,True
27041,False
27044,False
27065,False
27079,False
27084,True
27087,False
27088,False
27099,False
27115,True
27123,False
27130,False
27133,False
27136,False
27141,False
27144,False
27150,True
27156,False
27175,False
27182,False
27190,False
27191,False
27199,True
27216,False
27218,False
27219,False
27226,False
27232,False
27238,False
27248,False
27268,True
27269,False
27270,False
27273,False
27276,False
27278,False
27298,False
27304,False
27311,True
27316,True
27326,False
27337,False
27340,False
27342,False
27347,False
27353,False
27355,False
27356,True
27365,False
27369,False
27370,True
27374,False
27377,True
27392,False
27393,False
27399,False
27405,False
27410,False
27413,False
27430,False
27434,False
27440,True
27443,False
27444,False
27447,False
27449,False
27453,False
27458,False
27464,False
27471,False
27472,False
27475,False
27483,False
27486,True
27488,False
27489,True
27490,False
27509,False
27510,False
27523,False
27524,False
27531,True
27535,True
27536,False
27548,False
27551,False
27563,True
27582,False
27583,True
27586,True
27587,False
27595,False
27596,True
27598,True
27600,False
27605,False
27609,False
27623,False
27625,True
